timestamp,source,title,url,matched_keywords,region,published_date,content,source_type,ner_locations,ner_actors,ner_state_actors,perpetrator,victim_target,claimed_by,granular_incident_type,casualties_killed,casualties_injured,final_risk_score,final_risk_level,incident_type,classified_at,llm_enhanced
2026-06-08T23:39:38.348058,Kashmir Life,Leopard Kills Nine-year-old Boy in North Kashmir,https://kashmirlife.net/leopard-kills-nine-year-old-boy-in-north-kashmir-439365/,[],jk,2026-06-08,"SRINAGAR: A nine-year-old boy was killed in a leopard attack at Manzpathra village of Chowkibal area in North Kashmir’s Kupwara district on Monday, triggering panic among local residents.
The man-animal encounter occurred near high school and left the child severely injured. However, the victim succumbed to his injuries later.
The incident spread fear across the area, particularly as it came just weeks after another child from the same village was attacked by a leopard and injured.
Locals have urged the Wildlife Department and district administration to launch an immediate operation to capture the leopard and prevent further attacks. (KNO)",playwright,"['Kupwara', 'Srinagar']",['Kno'],[],[],[],[],Gunfight/Encounter,"{'killed': [], 'injured': []}",[],10.0,HIGH,Kinetic,2026-06-09T14:27:33.556962,True
2026-06-06T17:17:02.980161,Kashmir Life,Wangchuk Threatens 42-Day Hunger Strike if CJP Leaders are Arrested,https://kashmirlife.net/wangchuk-threatens-42-day-hunger-strike-if-cjp-leaders-are-arrested-439023/,['arrested'],jk,2026-06-06,"SRINAGAR: Climate activist Sonam Wangchuk has announced that he will undertake a 42-day hunger strike if Abhijeet Dipke, founder of the Cockroach Janta Party (CJP), or any other members of the movement are arrested ahead of a planned protest at Delhi’s Jantar Mantar today. Wangchuk also confirmed that he will travel from Ladakh to participate in the demonstration.
HOPE FOR THE BEST, PREPARE FOR THE WORST.
Let’s make this the most peaceful movement in India’s history.
Please be vigilant that no miscreants play mischief.
See you all in Delhi tomorrow…#CockroachJantaParty #CJP #SonamWangchuk pic.twitter.com/qJAwal2wIy— Sonam Wangchuk (@Wangchuk66) June 5, 2026
In a video message posted on X, Wangchuk said he was prepared to undertake an indefinite fast lasting six weeks if any arrests were made, adding that such a step would be taken reluctantly. He also called on supporters to consider how they would respond to such a development.
His remarks come ahead of Dipke’s return to India for the planned protest, which is seeking the resignation of Union Education Minister Dharmendra Pradhan over alleged irregularities in examinations, including NEET-UG, CUET, CBSE and SSC GD.
Wangchuk said his association with the movement had developed unexpectedly after he publicly described the Cockroach Janta Party as a creative expression of India’s younger generation.
He said he had grown closely connected with the group in a short period and described its members as simple, sincere, honest and patriotic young people.
Appealing for restraint ahead of the protest, Wangchuk urged supporters to ensure that the demonstration remains entirely peaceful and cautioned against any attempts to provoke unrest.
Earlier this week, the group announced that Wangchuk would join the June 6 protest if the Education Minister did not step down. Wangchuk also stated that any “self-respecting minister” should resign if developments had adversely affected the futures of millions of students.",playwright,['Srinagar'],['Let'],[],[],[],[],Civil Unrest,"{'killed': [], 'injured': []}",[],9.5,HIGH,Unrest,2026-06-09T14:27:32.643657,True
2026-06-09T17:53:51.462693,Kashmir Life,"Will Join NC’s Jantar Mantar Protest, But Core Demand Remains Article...",https://kashmirlife.net/will-join-ncs-jantar-mantar-protest-but-core-demand-remains-article-370-mp-aga-ruhullah-439467/,['protest'],jk,2026-06-09,"SRINAGAR: Member of Parliament Aga Ruhullah Mehdi on Tuesday said he will join the National Conference’s proposed protest at Jantar Mantar, but emphasised that his primary demand remains the restoration of Article 370, not just statehood.
Speaking to reporters in Pulwama, Ruhullah said he would “definitely” participate but stressed that the struggle should not be confined to a one-day political event.
He called for a sustained and organised movement, arguing that the demand must go beyond statehood to include restoration of constitutional protections that existed before 2019.
He said a single protest would not suffice and underlined the need for a continuous political campaign reflecting broader concerns, including rights and protections of the people of Jammu and Kashmir.
The MP also flagged issues faced by the younger generation in the post-2019 period, saying justice is essential for lasting peace.
Raising concerns over land rights, jobs and reservation policies, he alleged that locals were being deprived of their due share. Citing examples from rural areas, including Pulwama, he said restrictions affecting agriculture and livelihoods point to “systemic injustice”.
Ruhullah said key political and administrative commitments remain unfulfilled and added that while improved governance could ease tensions, unresolved issues continue to fuel public dissatisfaction.
Reiterating his stand, he said “permanent peace” can only be achieved through “justice”, not symbolic measures. (KNO)",playwright,"['Srinagar', 'Pulwama', 'Jammu']",['Kno'],[],[],[],[],Civil Unrest,"{'killed': [], 'injured': []}",[],9.5,HIGH,Unrest,2026-06-09T17:53:51.542896,
2026-06-10T16:39:01.887700,Kashmir Life,Delhi High Court Grants Bail to Khurram Parvez in NIA Terror Funding Case,https://kashmirlife.net/delhi-high-court-grants-bail-to-khurram-parvez-in-nia-terror-funding-case-439576/,['terror funding'],jk,2026-06-10,"SRINAGAR: The Delhi High Court on Wednesday granted bail to Kashmiri human rights activist Khurram Parvez in a terror funding case registered by the National Investigation Agency under the Unlawful Activities (Prevention) Act (UAPA).
According to a report by Live Law, a division bench comprising Justice Navin Chawla and Justice Ravinder Dudeja allowed Parvez’s appeal challenging a trial court order dated December 17, 2024, which had denied him bail.
“We have granted bail, subject to various conditions,” the bench said while pronouncing the verdict. A detailed order is awaited.
Parvez was arrested from Srinagar on November 22, 2021, and was later remanded to judicial custody on February 25, 2022, after a series of police custody remands. As of December 19, 2024, when the appeal was filed, he had spent more than three years in custody.
The NIA alleged that a network linked to the banned militant outfit Lashkar-e-Taiba had recruited Over Ground Workers (OGWs), collected intelligence on security installations and facilitated terror funding. Although Parvez was not named in the original FIR, he was arrested during the course of the investigation.
According to the charge sheet, the allegations against Parvez included recruiting OGWs for LeT, collecting information regarding the movement and structure of the Army, maintaining links with Pakistan-based militant organisations and instigating protests following the killing of Burhan Wani in 2016.
Parvez, in his appeal, argued that the prosecution’s case was unsupported by evidence and that he was a “factual stranger” to the larger conspiracy alleged by the NIA.
The defence contended that there was no digital evidence showing his contact with members of any proscribed organisation and that no call detail records had been collected regarding the alleged meeting between him and co-accused Muneer Ahmad Kataria.
It was further argued that there was no evidence showing Parvez passed sensitive military information to any militant operative and that no allegation connected him to any terror funding money trail.
Senior Advocate Tanveer Ahmed Mir appeared for Parvez along with advocates Swati Khanna, Raminder Kaur, Md. Imran Ahmad, Shahzad Khan and Kartik Venu. The NIA was represented by Special Public Prosecutor Rahul Tyagi along with advocates Priya Rai, Shubham Goyal, Jatin Khatri and Amit Rohila.",playwright,['Srinagar'],['Let'],['NIA'],[],[],[],Civil Unrest,"{'killed': [], 'injured': []}",[],9.5,HIGH,Unrest,2026-06-10T16:39:01.995737,
2026-06-04T16:51:37.504392,Kashmir Life,"Illegal LPG Stockpile Seized in Central Kashmir, FIR Registered",https://kashmirlife.net/illegal-lpg-stockpile-seized-in-central-kashmir-fir-registered-438828/,[],jk,2026-06-04,"SRINAGAR: Police in central Kashmir’s Ganderbal district conducted a search operation at Nunner Takia on Thursday, leading to the recovery of a large number of domestic and commercial LPG cylinders stored without valid authorisation or licence, officials said.
Acting on specific inputs, a police team carried out the operation at the premises of one Javid Ahmad Sofi, son of Mohd Ramzan Sofi, a resident of Nunner Takia. During the search, cylinders of various companies were found stored in large quantities in violation of safety and regulatory norms.
Officials from the Consumer Affairs and Public Distribution (CAPD) Department were present on the spot during the seizure, which was carried out as per legal procedure. Authorities said the unauthorised storage posed a serious risk to public safety and prima facie violated relevant provisions of law.
Following the seizure, police registered FIR No. 91/2026 under Sections 3/7 of the Essential Commodities Act and Section 287 of the Bharatiya Nyaya Sanhita (BNS). Further investigation is underway.
Police said strict action will continue against activities that endanger public safety or disrupt the supply of essential commodities, and urged citizens to report such violations to the nearest police station.",playwright,"['Ganderbal', 'Srinagar']",[],[],[],[],[],Search Operation,"{'killed': [], 'injured': []}",[],8.0,HIGH,Kinetic,2026-06-09T14:27:32.702674,True
2026-06-05T00:50:34.841608,Kashmir Life,"Jammu: Admin Raids Aman Arms Company, Unearths Series of Serious Violations",https://kashmirlife.net/jammu-admin-raids-aman-arms-company-unearths-series-of-serious-violations-438887/,['jammu'],jk,2026-06-04,"SRINAGAR: The Jammu district administration on Thursday uncovered alleged violations of firearms regulations during a surprise inspection of Aman Arms Company at Railhead Shopping Complex, officials said.
The raid, conducted on the directions of District Magistrate Jammu Rakesh Minhas, was led by Tehsildar Bahu Raju Sambyal and Tehsildar Headquarters Mona Chalotra. Officials said the inspection revealed that the establishment had been operating without a valid arms dealership licence.
According to the administration, the firm’s application for an arms dealership licence had been rejected in 2024, making its subsequent activities as an arms dealer unauthorised and in violation of the Arms Act, 1959 and the Arms Rules, 2016.
During the inspection, officials recovered several firearms licences that had last been renewed in districts including Poonch, Kishtwar, Ganderbal and Pulwama. Personal documents belonging to licence holders were also found on the premises.
The administration further stated that it had received complaints alleging that the establishment had failed to return firearms licences to their owners, reportedly while offering renewal and related facilitation services. Officials said the practice raised concerns over unauthorised handling of arms licence documentation.
Taking serious note of the findings, the District Magistrate directed that appropriate legal action be initiated against those responsible. He also ordered continued inspections of arms dealerships across the district to ensure compliance with existing laws and government directives.
The district administration urged arms licence holders to remain vigilant and cautioned the public against dealing with unauthorised agents, intermediaries or unlicensed establishments for services related to firearms licences.
Officials reiterated that all services relating to arms licences, including renewals, fresh applications and surrender of weapons, are available through the National Database of Arms Licences–Arms Licensing and Information System (NDAL-ALIS), the Government of India’s official online portal.
The administration also appealed to citizens to report any individual or establishment seeking money, documents or firearms licences on the pretext of facilitating arms licence-related services.",playwright,"['Srinagar', 'Kishtwar', 'Ganderbal', 'Pulwama', 'Jammu', 'Poonch']",[],[],[],[],[],Search Operation,"{'killed': [], 'injured': []}",[],8.0,HIGH,Kinetic,2026-06-09T14:27:32.794191,True
2026-06-05T20:45:33.220213,Kashmir Life,Body of Srinagar Man Recovered from Lidder River in Pahalgam After...,https://kashmirlife.net/body-of-srinagar-man-recovered-from-lidder-river-in-pahalgam-after-six-days-438956/,['srinagar'],jk,2026-06-05,"SRINAGAR: The body of a man who had been missing for six days was recovered from the Lidder River in the Pahalgam area of south Kashmir’s Anantnag district on Friday, officials said.
The deceased has been identified as Mohammad Ashraf. His body was spotted in the Aamad area of Pahalgam, following which police and rescue teams were rushed to the spot and retrieved it from the river.
Ashraf had gone missing nearly a week ago, prompting search operations by the authorities in the area.
Police said the body has been sent for medico-legal formalities.
Further proceedings have been initiated to determine the circumstances surrounding the death.",playwright,"['Anantnag', 'Srinagar']",[],[],[],[],[],Search Operation,"{'killed': [], 'injured': []}",[],8.0,HIGH,Kinetic,2026-06-09T14:27:32.833845,True
2026-06-07T20:01:54.256081,Kashmir Life,"Over 1,130 Drug Smugglers Arrested in Jammu Kashmir Anti-Narcotics Drive, Says...",https://kashmirlife.net/over-1130-drug-smugglers-arrested-in-jammu-kashmir-anti-narcotics-drive-says-lg-sinha-in-poonch-439222/,"['arrested', 'jammu']",jk,2026-06-07,"SRINAGAR: Lieutenant Governor Manoj Sinha on Sunday said more than 1,130 drug smugglers have been arrested across Jammu and Kashmir during the ongoing anti-narcotics campaign, while announcing stricter measures, including the cancellation of passports, driving licences, arms licences and Aadhaar-linked benefits of those involved in drug trafficking.
Addressing the ‘Drug-Free JK’ campaign and padyatra in Poonch, the Lieutenant Governor said the administration has intensified its fight against drug abuse and narco-terrorism, with law enforcement agencies being given a free hand to dismantle the entire narcotics network operating in the Union Territory.
He said that during the past 57 days, authorities have registered 1,038 FIRs, arrested over 1,130 drug smugglers, detained 63 individuals under the PIT-NDPS Act and attached more than 100 properties linked to drug trafficking. In addition, around 700 driving licences have been cancelled and proceedings initiated to revoke 130 passports.
The Lieutenant Governor said the campaign has now covered all 20 districts of Jammu and Kashmir and will continue for the next 43 days with the objective of making every panchayat, ward and household drug-free.
Describing Poonch as a sensitive border district, he warned that cross-border drug smuggling was not only destroying young lives but also financing terrorism. He said narco-terror networks were attempting to exploit the region’s geography and called for a united societal response to counter the threat.
Sinha said the administration’s strategy is focused on both enforcement and prevention, with youth clubs being mobilised as the frontline defence against drug networks and women being encouraged to take leadership roles in anti-drug campaigns at the village level.
He emphasised that education, skill development and sports would play a key role in steering young people away from substance abuse and creating long-term resistance to the drug menace.
The Lieutenant Governor also announced that under a newly issued Standard Operating Procedure (SOP), individuals found involved in drug smuggling would face immediate punitive action, including the attachment of movable and immovable assets under the NDPS Act.
Calling for public participation, he urged citizens to reject indifference and actively support efforts to expose drug smugglers and peddlers, asserting that a drug-free Jammu and Kashmir could only be achieved through collective action.
“The road ahead is long, but we will not stop until every narco-terror network is dismantled,” he said.",playwright,"['Jammu', 'Poonch', 'Srinagar']",[],[],[],[],[],Border Infiltration,"{'killed': [], 'injured': []}",[],8.0,HIGH,Kinetic,2026-06-09T14:27:33.026751,True
2026-06-07T23:59:26.759897,Kashmir Life,Padyatra Covers All 20 Districts of Jammu Kashmir in Drive Against...,https://kashmirlife.net/padyatra-covers-all-20-districts-of-jammu-kashmir-in-drive-against-drugs-and-narco-terrorism-lg-sinha-439235/,['jammu'],jk,2026-06-07,"SRINAGAR: Lieutenant Governor Manoj Sinha on Sunday led the ‘Drug-Free JK’ campaign and Padyatra in Poonch, reaffirming the administration’s resolve to eliminate drug abuse and dismantle the narco-terror network across Jammu and Kashmir.
Addressing the gathering, the Lieutenant Governor said the Padyatra has now covered all 20 districts of the Union Territory, with the core objective of freeing Jammu and Kashmir from the menace of drugs and countering narco-terrorism.
He said the renewed phase of the campaign, launched from Poonch, would intensify over the next 43 days, calling for collective participation from citizens, Panchayats and wards to target drug smugglers and peddlers, expand awareness, and strengthen rehabilitation efforts. He stressed that sustained community participation was essential for building a healthier society.
Over the past 57 days, he said, visits had been undertaken to all districts of Jammu and Kashmir, during which a commitment was made that those involved in harming society would be dealt with firmly. He added that the government was committed to securing a safer and brighter future for the region.
The Lieutenant Governor noted that Poonch, being a border district, remained vulnerable to cross-border drug trafficking, which he said not only destroys young lives but also fuels terrorism. He called for a whole-of-society approach to confront the challenge.
He further stated that tackling the drug problem required a shift from indifference to active involvement, warning that silence only benefits drug networks. He said meaningful change could only be achieved when communities stand united against the menace.
Highlighting enforcement action taken during the campaign, he said 1,130 drug smugglers had been arrested in 1,038 FIRs, 63 individuals detained under the PIT-NDPS Act, and more than 100 properties attached. In addition, around 700 driving licences have been cancelled and steps initiated to revoke 130 passports as part of efforts to disrupt drug-related networks.
The Lieutenant Governor also emphasised the importance of prevention through youth engagement, stating that education, skills and sports were key tools to channel young people towards constructive paths. He said Youth Clubs would act as the frontline against drug abuse, while women would play a central role in leading awareness and eradication efforts at the village level.
He announced that law enforcement agencies have been given full operational freedom to eliminate the narco-terror ecosystem, with stricter standard operating procedures in place. These include attachment of assets and cancellation of identification and travel documents of those involved in drug trafficking under relevant legal provisions.
Reiterating the government’s commitment, he said the campaign would continue until every drug network is dismantled, urging police and enforcement agencies to ensure zero tolerance towards drug peddling in their jurisdictions. He expressed confidence that ",playwright,"['Jammu', 'Poonch', 'Srinagar']",[],[],[],[],[],Border Infiltration,"{'killed': [], 'injured': []}",[],8.0,HIGH,Kinetic,2026-06-09T14:27:33.141288,True
2026-06-10T02:22:23.855971,Kashmir Life,Zojila Tunnel Breakthrough Brings Kashmir–Ladakh Closer to Year-Round Connectivity,https://kashmirlife.net/zojila-tunnel-breakthrough-brings-kashmir-ladakh-closer-to-year-round-connectivity-439494/,[],jk,2026-06-09,"SRINAGAR: The strategically important Zojila Tunnel project achieved a major breakthrough on Tuesday with the successful connection of both ends of the main tunnel near Minamarg in Ladakh, bringing India closer to establishing all-weather surface connectivity between Kashmir and Ladakh for the first time.
Union Minister for Road Transport and Highways Nitin Gadkari witnessed the breakthrough ceremony at the eastern portal of the tunnel along the Srinagar–Leh National Highway in the presence of Jammu and Kashmir Lieutenant Governor Manoj Sinha, Chief Minister Omar Abdullah, Members of Parliament, senior civil and military officials and representatives of the executing agencies. Ladakh Lieutenant Governor Vinai Kumar Saxena joined the event virtually.
The breakthrough was achieved through a controlled blast remotely triggered by the Union Minister, marking a key engineering milestone in one of the country’s most challenging mountain infrastructure projects.
The Zojila Tunnel, being developed between Baltal and Minamarg on National Highway-1, is a nearly 14-kilometre-long bi-directional tunnel being constructed at a cost of around Rs 6,800 crore. Built at elevations ranging between 2,900 and 3,310 metres, the project is designed to provide uninterrupted year-round connectivity across the Zojila Pass, which remains cut off for several months during winter due to heavy snowfall and avalanches.
Officials said the tunnel, measuring 13.153 kilometres in its main stretch, has been designed as a horseshoe-shaped, single-tube, two-lane structure with modern safety systems, including advanced ventilation, automatic fire detection systems, CCTV surveillance and pedestrian cross-passages. The project also includes snow galleries, avalanche protection structures, catch dams, four bridges, 40 culverts and approach roads.
Addressing the gathering, Gadkari described the project as a transformative infrastructure initiative for the Himalayan region.
“This is not merely a transportation project but a gateway to development. Upon completion, travel time between Sonamarg and Minamarg will reduce from nearly two hours to around 30 minutes,” he said.
The Union Minister said the tunnel would strengthen tourism, trade, employment generation and strategic mobility while ensuring safer travel by reducing disruptions caused by adverse weather and avalanches.
Highlighting broader infrastructure expansion in the region, Gadkari said highway projects worth nearly Rs 1.35 lakh crore are currently completed, under construction or planned across Jammu and Kashmir, while projects worth around Rs 18,000 crore are underway in Ladakh.
Lieutenant Governor Manoj Sinha termed the tunnel a “lifeline” for Jammu and Kashmir and Ladakh and credited Prime Minister Narendra Modi and Union Minister Gadkari for accelerating infrastructure development in border regions.
“The Zojila Tunnel will strengthen supply chains, boost tourism and provide vital strategic support to our Armed Forces,” Sinha ",playwright,"['Srinagar', 'Jammu']",[],[],[],[],[],IED/Explosion,"{'killed': [], 'injured': []}",[],8.0,HIGH,Kinetic,2026-06-10T02:22:24.078456,
2026-06-10T02:22:32.477211,Kashmir Life,South Kashmir: Narcotics and Rs 25.50 Lakh Cash Recovered by Police,https://kashmirlife.net/south-kashmir-narcotics-and-rs-25-50-lakh-cash-recovered-by-police-439524/,[],jk,2026-06-09,"SRINAGAR: Police in south Kashmir’s Anantnag district on Tuesday recovered 104 grams of charas-like substance and Rs 25.50 lakh in cash during a raid conducted in the Tulkhan area of Bijbehara, marking a significant breakthrough in an ongoing anti-narcotics operation.
Acting on reliable information regarding the concealment of narcotics by a suspected drug peddler, identified as Farooq Ahmad Dar, son of Ghulam Hassan Dar, a resident of Tulkhan, police teams carried out a swift raid at his under-construction residential house.
During the search operation, officers recovered 104 grams of charas-like sticks along with cash amounting to Rs 25,50,000, which had been concealed beneath boulders on the ground floor of the structure.
Following the recovery, Case FIR No. 154/2026 under Section 8/20 of the Narcotic Drugs and Psychotropic Substances (NDPS) Act was registered at the concerned police station, and investigation has been initiated. The accused has been arrested in connection with the case.
Police said further investigation is underway to ascertain the wider network and possible linkages involved in the drug trade.
Reiterating its commitment to curbing drug trafficking, Anantnag Police stated that sustained efforts are being made to dismantle narcotics networks and urged the public to share information regarding drug-related activities to assist enforcement agencies.
Officials said the drive against drugs will continue with intensified focus to make the district drug-free and safeguard the youth from substance abuse.",playwright,"['Srinagar', 'Anantnag']",[],[],[],[],[],Search Operation,"{'killed': [], 'injured': []}",[],8.0,HIGH,Kinetic,2026-06-10T02:22:32.580409,
2026-06-12T21:07:55.271288,Kashmir Life,Is Kashmir Forgetting the Dignity of Those Who Guide Its Faith?,https://kashmirlife.net/is-kashmir-forgetting-the-dignity-of-those-who-guide-its-faith-439691/,[],jk,2026-06-12,"by Syed Majid Gilani
A chance encounter with an Imam earning Rs 7,000 a month raises questions about dignity, security, and community responsibility
It was the day before yesterday. I was on my way when I noticed a man standing quietly by the roadside. His appearance suggested he was a Maulana: simple clothes, a calm face, and a certain dignity that needed no introduction. He raised his hand gently, asking for a lift. I stopped.
He sat beside me, and for a few moments there was silence. Then, as often happens on simple journeys, a conversation began. He spoke about his life, years spent in madrasas, immersed in books and discipline. Step by step, he had completed his religious education. Today, he serves as an Imam and Khateeb in a mosque.
We spoke of ordinary things, family, children, daily life. He told me his children go to school. He lives in a rented room in Srinagar, far from his native place. Like so many others, he is simply trying to build a life.
Then I asked him a simple question: how much do you earn?
He paused, not long, just enough for the silence to deepen. Then he said quietly that his monthly income was around seven thousand rupees.
His words were simple, but they did not pass so easily. Everything around us remained unchanged, the road, the traffic, the people moving past us. But within me, something shifted. I looked at him again.
Here was a man who leads prayers five times a day. He teaches children how to read the Qur’an. He reminds people of what is right, speaks about living peacefully, serving humanity without bias, and emphasizes universal brotherhood. And yet, he lives with so little.
He even mentioned that most Imams, in his experience, live the same way.
I had no reply.
When we reached his destination, he smiled, thanked me, and stepped out. Within moments, he disappeared into the crowd. But his words did not leave me.
That night, I lay in bed, but sleep refused to come.
I kept thinking: he is not just an Imam. He is a father, a husband, someone’s son. He has responsibilities, rent, food, children’s education, healthcare, social obligations, no different from anyone else.
We respect people like him. We greet them with honour. We listen when they speak. We call their role noble, even sacred. But perhaps, without realising it, we do not always think about their lives beyond the mosque.
Our mosques are beautiful, clean, peaceful, and well maintained. Carpets are replaced, walls repainted, lights renewed. But the one who stands there every day, what does his life look like when he returns home?
Why is it that those who guide us, show us, and teach us the way to peaceful and humane living are often left to struggle in silence?
Why is there so little stability in their lives? Why does a profession that shapes hearts and minds not carry the same security as many others?
In many places, their positions are uncertain. A small disagreement, a change in the mohalla or masjid committee, or even a difference of opinion can take awa",playwright,['Srinagar'],[],[],[],[],[],Gunfight/Encounter,"{'killed': [], 'injured': []}",[],8.0,HIGH,Kinetic,2026-06-12T21:07:55.480519,
2026-06-12T21:08:20.494954,Kashmir Life,Iran Orders Complete Closure of Strait of Hormuz,https://kashmirlife.net/iran-orders-complete-closure-of-strait-of-hormuz-439674/,[],jk,2026-06-12,"SRINAGAR: Iran’s Islamic Revolutionary Guard Corps (IRGC) has announced that the Strait of Hormuz has been “closed to all vessels” following fresh US strikes on Iran, warning that any ship attempting to pass through the strategic waterway could be targeted, according to CNN.
“Effective immediately, due to insecurity in the region, the Strait of Hormuz is declared closed to all vessels, including oil tankers and commercial ships,” the IRGC said in a statement posted on its official Telegram channel and cited by CNN.
The statement further warned that “any vessel attempting to transit the strait will be targeted”.
According to Al Jazeera, citing Iranian media reports, heavy clashes and exchanges of fire have taken place in the Strait of Hormuz between US forces and naval units of the IRGC.
Iranian media reports, cited by Al Jazeera, said US forces had struck seven coastal locations, including areas in and around Bandar Abbas, Sirik, Qeshm Island and Hengam Island.
The IRGC Navy also claimed that two vessels attempting to “illegally” transit the Strait of Hormuz had been struck.
Meanwhile, Press TV reported that two residents of Kargan in Minab County were injured by shrapnel following a US strike.
Al Jazeera, quoting Iran’s Mehr News Agency, reported fresh explosions in the port city of Bandar Abbas, stating that the blasts were linked to an incident in the eastern part of the city.
Further explosions were reported in several other locations, including the southern towns of Sirik and Minab, as well as Qeshm Island and the northern city of Gorgan, according to Iranian media reports.
Separately, US Central Command (CENTCOM) said its forces had begun carrying out additional self-defence strikes against multiple targets in Iran.
CENTCOM said the strikes were launched in response to what it described as continued and “unwarranted” Iranian aggression.
In a post on X, the official CENTCOM account said: “U.S. Central Command forces began launching additional self-defence strikes today at 5:15 p.m. ET against multiple targets in Iran at the Commander in Chief’s direction. The strikes are in response to Iran’s unwarranted and continued aggression.”
The developments come amid sharply escalating tensions between Washington and Tehran, with conflicting claims emerging over the status of shipping through the Strait of Hormuz. While Iranian authorities have declared the waterway closed, US Central Command has disputed those claims and said commercial shipping continues to transit the strait.",playwright,['Srinagar'],[],[],[],[],[],IED/Explosion,"{'killed': [], 'injured': []}",[],8.0,HIGH,Kinetic,2026-06-12T21:08:20.660872,
2026-06-12T21:45:36.374713,Kashmir Life,Accidental Grenade Blast Injures Two Soldiers in Poonch,https://kashmirlife.net/accidental-grenade-blast-injures-two-soldiers-in-poonch-439895/,['poonch'],jk,2026-06-12,"SRINAGAR: Two Army personnel were injured in an accidental grenade blast at LoC in Poonch district on Friday.
Officials said that an accidental grenade explosion occurred in the forward area along the LoC today during a training exercise. Two army soldiers sustained injuries in the incident.
Both the soldiers were immediately shifted to 425 Army Field Hospital, Poonch for treatment.
Further details on their condition and the incident are awaited.(GNS)",playwright,"['Poonch', 'Srinagar']",[],[],[],['Personnel'],[],IED/Explosion,"{'killed': [], 'injured': ['two injured']}",[],8.0,HIGH,Kinetic,2026-06-12T21:45:36.408532,
2026-06-02T23:21:12.692011,Kashmir Life,Sonam Wangchuk to Join June 6 Protest at Jantar Mantar,https://kashmirlife.net/sonam-wangchuk-to-join-june-6-protest-at-jantar-mantar-438616/,['protest'],jk,2026-06-02,"SRINAGAR: Activist Sonam Wangchuk on Tuesday announced that he would join a proposed protest at Delhi’s Jantar Mantar on June 6 if no action is taken by June 5 on demands raised by the Cockroach Janta Party, including the resignation of Union Education Minister Dharmendra Pradhan. Wangchuk made the announcement through posts on social media platforms X and Instagram, saying he had held discussions with the group’s founder, Abhijeet Dipke, and reviewed information and concerns shared by the organisation before extending conditional support to the demonstration. In a video message, Wangchuk said his decision was driven by broader concerns about the state of education in India rather than any single examination-related issue. While discussions surrounding the protest have included references to examinations such as NEET, CUET and CBSE board processes, he said the matter reflected wider systemic challenges within the education sector. The education reform advocate stressed the need for meaningful improvements in learning outcomes, particularly in government schools and rural areas. Drawing on his decades-long experience in education initiatives in remote regions, Wangchuk highlighted persistent shortcomings in infrastructure, teaching standards and policy implementation. The Cockroach Janta Party, which describes itself as a youth-driven and satirical movement, has been campaigning largely through digital platforms on issues related to education governance and examination systems. The organisation has said the June 6 protest will be peaceful and open to individuals who share similar concerns. Save my name, email, and website in this browser for the next time I comment. Your personal data will be processed and information from your device (cookies, unique identifiers, and other device data) may be stored by, accessed by and shared with 210 partners, or used specifically by this site. We and our partners may use precise geolocation data. List of partners. Some vendors may process your personal data on the basis of legitimate interest, which you can object to by managing your options below. Look for a link at the bottom of this page or in the site menu to manage or withdraw consent in privacy and cookie settings. You can choose how your personal data is used. Vendors want your permission to do the following: Cookies, device or similar online identifiers (e.g. login-based identifiers, randomly assigned identifiers, network based identifiers) together with other information (e.g. browser type and information, language, screen size, supported technologies etc.) can be stored or read on your device to recognise it each time it connects to an app or to a website, for one or several of the purposes presented here. Advertising presented to you on this service can be based on limited data, such as the website or app you are using, your non-precise location, your device type or which content you are (or have been) interacting with (for example, to limit the numb",playwright,['Srinagar'],[],[],[],[],[],Civil Unrest,"{'killed': [], 'injured': []}",[],7.5,MEDIUM,Unrest,2026-06-09T14:27:33.270621,True
2026-06-03T20:59:51.308402,Kashmir Life,NC Legislature Party to Hold Protest in New Delhi to Demand...,https://kashmirlife.net/nc-legislature-party-to-hold-protest-in-new-delhi-to-demand-statehood-constitutional-guarantees-tanvir-sadiq-438737/,['protest'],jk,2026-06-03,"SRINAGAR: The National Conference (NC) has announced that it will stage a protest in New Delhi on the first day of the Monsoon Session of Parliament, seeking the restoration of statehood to Jammu and Kashmir, party chief spokesperson Tanvir Sadiq said on Wednesday.
He said the decision was taken at a meeting of the NC legislature party attended by MLAs and allied members, during which several political and governance issues were also reviewed.
Sadiq said the matter of Jammu and Kashmir’s special status was a key point of discussion. He confirmed that the party will travel to the national capital to press its demand for statehood and constitutional safeguards, with the protest location to be decided later.
Describing statehood as a long-standing demand, he said the leadership believes the time is appropriate to raise the issue at the national level in view of developments since 2019.
The meeting also deliberated on issues such as drug abuse, alcohol consumption, and developmental challenges across the Jammu, Kashmir, Pir Panjal, and Chenab regions. Chief Minister Omar Abdullah, he added, was present throughout the deliberations.
On cabinet expansion, Sadiq said the matter rests with the Chief Minister and will be taken up at an appropriate time.
He dismissed questions over remarks made by opposition leaders, stating that the party’s position had already been conveyed.
Meanwhile, the absence of MPs Aga Ruhullah and Mian Altaf from a high-level meeting chaired by Chief Minister Omar Abdullah has drawn political attention in Jammu and Kashmir, triggering discussion in political circles as observers await any official clarification.",playwright,"['Jammu', 'Srinagar']",[],[],[],[],[],Civil Unrest,"{'killed': [], 'injured': []}",[],7.5,MEDIUM,Unrest,2026-06-09T14:27:33.335203,True
2026-06-04T19:13:02.430806,Kashmir Life,Hundreds Rally in Ramban Over Sawalkakote Hydroelectric Project,https://kashmirlife.net/hundreds-rally-in-ramban-over-sawalkakote-hydroelectric-project-438839/,['ramban'],jk,2026-06-04,"SRINAGAR: Hundreds of people on Thursday participated in a rally in Ramban town under the banner of the Sawalkakote Joint Action Committee (SJAC), demanding transparency and protection of local interests in the proposed 1,856 MW Sawalkakote Hydroelectric Project.
The rally reflected concerns among residents over land acquisition, rehabilitation and employment opportunities linked to the project.
Carrying placards reading “Our Land, Our Rights, Our Future”, “Ramban Ki Majboori Hai, Sawalkote Zaroori Hai”, “We Want Compensation as Per the Fair Compensation Act”, “First Preference to Ramban Youth in Employment” and “No Development Without Local Consent”, the protesters marched from Dak Bungalow through the main business areas of the town.
Addressing a gathering at the end of the march, SJAC president Advocate Fairoz Khan said the people of Ramban were not opposed to development but wanted protection of their rights and livelihoods.
“We are not anti-development, but development cannot come at the cost of our dignity and livelihoods. Ramban must remain the central stakeholder,” Khan said.
He also referred to reports of possible connectivity changes that could bypass Ramban district.
The Sawalkakote Hydroelectric Project on the Chenab river has remained under discussion for several years. Recent movement on the project has led to renewed concerns among project-affected families regarding compensation, rehabilitation and employment.
The SJAC demanded that compensation for land acquisition be provided in accordance with the Fair Compensation Act and said local youth should get preference in jobs linked to the project.
Committee members also raised the issue of extensions in the tendering process. Speakers said the tender process has been extended multiple times since February, with the latest deadline moved from June 4 to June 16.
The committee said the protest remained peaceful but warned of further agitation if the administration failed to hold talks with affected families and local stakeholders.
Among those who addressed the gathering were Ali Shan, Sanjay Kumar, Rahi Manzoor, Mudasir Azmat, Sheetal Singh Bali, Abdul Rahim Bali, Tauseef Mir, Iftiyaz Shoil, Vakil Singh, Gulraz Ahmed, Masood Khan, Ravinder Singh, Mohd Yousuf and Zakir Ahmed, besides other committee members and civil society representatives.",playwright,"['Ramban', 'Srinagar']",[],[],[],[],[],Civil Unrest,"{'killed': [], 'injured': []}",[],7.5,MEDIUM,Unrest,2026-06-09T14:27:33.428430,True
2026-06-04T23:00:08.173704,Kashmir Life,"NC Using Statehood for Political Mileage, Protest Political Stunt: BJP MP",https://kashmirlife.net/nc-using-statehood-for-political-mileage-protest-political-stunt-bjp-mp-438875/,['protest'],jk,2026-06-04,"SRINAGAR: BJP Rajya Sabha MP Ghulam Ali Khatana on Thursday termed the National Conference’s proposed protest for restoration of statehood to JK as a “political stunt”
Speaking to reporters during his visit to Pattan village in North Kashmir, Khatana said, “The National Conference had relied on political theatrics during the Assembly election campaign and was now attempting to divert attention from what he described as its failure to fulfil promises made to the people.”
“The National Conference was high on dramas during the election campaign and made tall promises to the people. They cannot give statehood. It is the Centre that has to restore statehood and both the Prime Minister and Home Minister have already made their position clear on the issue,” he said.
BJP MP alleged that the ruling party secured electoral support through political rhetoric but had failed to address key public concerns during its nearly two years in office.
“It has been close to two years and people are not happy with the promises made in the party’s manifesto. The situation in education and healthcare sectors remains unsatisfactory,” he said.
Khatana claimed that several schools continue to face an acute shortage of teaching staff, with some institutions functioning with only one or two teachers despite having hundreds of students. He also alleged that many hospitals are struggling due to a shortage of doctors and cited Banihal as an example.
He claimed that dissatisfaction existed within the ruling party itself and said even some of its legislators were unhappy with the leadership. “The Omar Abdullah-led government has left people on God’s mercy and failed to address their day-to-day issues,” he alleged.
Highlighting the role of youth, Khatana said young people in Jammu and Kashmir were increasingly focusing on education, sports, entrepreneurship and social reform initiatives.
“The youth of Jammu and Kashmir are taking the lead in sports, startups and the fight against drugs. They are moving towards development, peace and progress and turning away from those who used them for vested interests over the past several decades,” he said.
The BJP MP also praised the efforts of security forces, saying their coordinated work alongside the public had helped improve the overall situation in the region.
“Our security forces deserve appreciation for their role in bringing peace and stability. Through coordinated efforts with the people, they have helped Jammu and Kashmir move away from stone pelting, bloodshed and mourning towards an atmosphere of peace and development,” he said.(KNO)",playwright,"['Jammu', 'Srinagar']",[],[],[],[],[],Civil Unrest,"{'killed': [], 'injured': []}",[],7.5,MEDIUM,Unrest,2026-06-09T14:27:33.526355,True
